{
  "run_dir": "results/latest_run_20260401_163133",
  "timestamp": "20260401_163133",
  "epochs": 30,
  "data_root": "data",
  "device": "cuda",
  "final": {
    "epoch": 30,
    "train_loss": 0.5445323452353478,
    "train_ce_loss": 0.5420339927077293,
    "train_pcn_energy": 0.024983521439135074,
    "train_cell_acc": 0.8156975221633911,
    "train_grid_acc": 0.0125,
    "eval_loss": 1.0345438778400422,
    "eval_ce_loss": 1.032687819004059,
    "eval_pcn_energy": 0.018560594860464335,
    "eval_cell_acc": 0.7721229600906372,
    "eval_grid_acc": 0.0025
  },
  "best_eval_loss": {
    "epoch": 19,
    "eval_loss": 0.9139218688011169,
    "eval_cell_acc": 0.7755336260795593,
    "eval_grid_acc": 0.0025
  },
  "best_eval_grid_acc": 0.0025,
  "best_eval_cell_acc": 0.7785064089298248
}